{
    "X_coordinate": [
        -10,
        10
    ],
    "Y_coordinate": [
        -10,
        10
    ],
    "Existing_stores": [
        [
            -4.429601309766347,
            0.6346032509325124
        ],
        [
            3.886209671235683,
            -1.672828230346422
        ],
        [
            2.7878250956515203,
            -5.2330657037135335
        ],
        [
            7.860443948873581,
            -6.612570027751108
        ],
        [
            5.959425774303028,
            0.38782072964807845
        ],
        [
            4.125851248605336,
            -5.017101784315525
        ],
        [
            9.895644451467827,
            -5.964815057817001
        ],
        [
            3.3969187808779573,
            -1.9410958762641997
        ],
        [
            -9.142877398054235,
            -5.903314307662038
        ],
        [
            1.8396404848128007,
            -1.5579779291368308
        ],
        [
            6.187730274835566,
            0.8426466699260402
        ],
        [
            1.6234104597068253,
            -8.922009554192115
        ],
        [
            7.419048314190853,
            -8.477058845651726
        ],
        [
            0.8644692755375356,
            5.455110310298396
        ]
    ],
    "New_stores": [
        [
            -2.6341080933652954,
            6.3672745675087015
        ],
        [
            2.0377743728607083,
            3.37629264199097
        ],
        [
            0.3754641327445203,
            2.6128944615233323
        ],
        [
            0.7010272240987785,
            -4.105264869485527
        ],
        [
            7.236897038758716,
            -6.96191927646356
        ],
        [
            6.326771289208782,
            1.7541906821093214
        ],
        [
            -3.5440969190173472,
            -2.730440596288113
        ],
        [
            4.0958555218073815,
            -2.1332736414691533
        ],
        [
            9.391259219490689,
            6.3369848310329715
        ],
        [
            -9.417894165186054,
            3.6754139738273555
        ],
        [
            -9.094301530885616,
            -5.081061612716205
        ],
        [
            -3.635376389057594,
            -4.931265796698565
        ],
        [
            -8.10423982364208,
            7.87121642844453
        ],
        [
            -9.475857879778584,
            -0.29331671952238914
        ],
        [
            2.9863987704009,
            -3.646670553959323
        ],
        [
            6.816725052472716,
            -1.7544995056896706
        ],
        [
            -8.286241365311941,
            -1.8921503057116595
        ],
        [
            -8.02379772362839,
            -0.39814657702422807
        ],
        [
            2.822331726925267,
            -2.568800879888582
        ]
    ]
}