{
    "X_coordinate": [
        -10,
        10
    ],
    "Y_coordinate": [
        -10,
        10
    ],
    "Existing_stores": [
        [
            -1.5307659222537566,
            7.588481580617454
        ],
        [
            -6.435572245991629,
            -4.118660638221203
        ],
        [
            -8.864918844601464,
            3.214361606130769
        ],
        [
            -1.3933246977783007,
            -9.984420837293268
        ],
        [
            5.989828043223861,
            -4.257588661788272
        ],
        [
            1.8763026979661035,
            9.086034874837651
        ],
        [
            9.453377951603159,
            0.6547417876037613
        ],
        [
            -8.385807837293749,
            1.3290247917780658
        ],
        [
            5.251832194464733,
            7.286331443486873
        ],
        [
            1.3425827794233633,
            6.247467526405309
        ],
        [
            4.026088975133167,
            -7.46921512744901
        ],
        [
            -7.190764553566458,
            -3.236588670715628
        ],
        [
            -8.777114473703463,
            -9.174297958118329
        ],
        [
            -9.798882832806928,
            1.2579254239883664
        ],
        [
            8.082203259121464,
            -5.765463794977119
        ],
        [
            3.9640235388796423,
            -7.9520718882586605
        ],
        [
            5.712202457988321,
            3.5691716809207747
        ],
        [
            -4.1922011664332715,
            8.032044896421858
        ],
        [
            -1.9912119317870296,
            1.5161732729943171
        ]
    ],
    "New_stores": [
        [
            3.848420945279333,
            1.5165553813217656
        ],
        [
            -8.469616199670298,
            -4.117135057314469
        ],
        [
            -8.84465117416511,
            -0.23164944078050098
        ],
        [
            -9.285304152666496,
            3.635144596890548
        ],
        [
            -5.725131709296201,
            1.3918541518518364
        ],
        [
            6.034642987950363,
            7.903955819881997
        ],
        [
            0.2054336956251568,
            -1.4356966823720114
        ],
        [
            5.312598903808674,
            -0.5113138946466389
        ],
        [
            -4.468965523056497,
            0.7348739565075029
        ],
        [
            7.371778792555574,
            -7.6312435927963795
        ],
        [
            3.3178985295976062,
            -4.010424250506084
        ],
        [
            -3.6176553514273957,
            0.8317500037865706
        ],
        [
            -9.719120337835035,
            1.412320855931327
        ],
        [
            7.181566060386917,
            -2.2727764430715736
        ],
        [
            6.564538746320569,
            -9.603348431228005
        ],
        [
            -2.2504413265058982,
            5.95523025953009
        ],
        [
            -0.8049555339992196,
            5.127277155938328
        ],
        [
            -6.914158598514122,
            6.359375230912143
        ],
        [
            1.589001036330476,
            1.9874556626158224
        ],
        [
            -4.683078772226441,
            5.409824962654453
        ],
        [
            -2.7304927540232153,
            7.36521847564369
        ],
        [
            -6.490023364809252,
            0.3970149949988926
        ],
        [
            -9.542116497017208,
            6.030966811558812
        ],
        [
            -7.296339165195322,
            -4.749448496676701
        ],
        [
            2.5214918767397414,
            -1.7932552105529975
        ],
        [
            0.4462315482125412,
            8.76926071490594
        ],
        [
            2.249860291314709,
            -7.571419902877967
        ],
        [
            -0.1737121528741028,
            8.377781559724067
        ],
        [
            5.582098422335191,
            2.779674978554068
        ],
        [
            8.010654660744695,
            -1.9828582236886128
        ],
        [
            2.2064713636458695,
            6.3079470020576025
        ],
        [
            -5.82705987736023,
            2.1899545965085228
        ],
        [
            1.8873440783621458,
            -4.056163606950827
        ],
        [
            8.340474921695094,
            7.505502689536961
        ],
        [
            -1.6165967174500988,
            3.9998547044069017
        ],
        [
            0.44568840541480803,
            4.066659302022455
        ],
        [
            -5.806954313085855,
            9.521221436586789
        ],
        [
            -9.327973298060279,
            1.903304182042282
        ],
        [
            8.321622789308968,
            -0.05440525648729633
        ],
        [
            -0.26018608262598875,
            -7.120603485415247
        ],
        [
            -1.6983762912301703,
            7.434706070208172
        ],
        [
            -1.862551484339324,
            2.2928452427463313
        ],
        [
            -4.745803221646858,
            -4.910325960498629
        ],
        [
            -2.3934069869351156,
            0.22768330057905573
        ],
        [
            -7.9587132204309,
            2.6119180024269735
        ],
        [
            3.202794862589487,
            8.868171364074527
        ],
        [
            -9.3418153910191,
            -4.056205039685034
        ],
        [
            -3.8068093390820064,
            3.089873128864774
        ],
        [
            2.038655631608968,
            -5.37110234566917
        ],
        [
            -0.38933563936573634,
            9.270921375454847
        ],
        [
            4.385173372193849,
            -4.45039145699853
        ],
        [
            -8.700177544390673,
            -6.146560768056051
        ],
        [
            -1.6651506673107335,
            -9.827074380772103
        ],
        [
            -7.551660131022395,
            -7.4432646762184485
        ],
        [
            -5.820718160313674,
            -8.122226232704728
        ],
        [
            -4.0904433586744515,
            -3.498543546847241
        ],
        [
            9.553447709080832,
            7.881140670160523
        ],
        [
            -0.4861521249488394,
            2.4803344856430254
        ],
        [
            5.80574008051147,
            -7.677521354944085
        ],
        [
            -0.8346666337451829,
            2.548186773815056
        ],
        [
            4.028236378267412,
            5.854403048755261
        ],
        [
            -5.23071477933402,
            5.912581287740544
        ],
        [
            4.095969802111643,
            -3.7495045021621927
        ],
        [
            7.273185665079012,
            7.412202852437538
        ],
        [
            -2.6353858319127426,
            -0.20669886266654203
        ],
        [
            -9.887609153750372,
            -0.1467128663551911
        ],
        [
            -7.457151153612125,
            8.98983372794827
        ],
        [
            -0.6687027130648389,
            8.681840720636622
        ],
        [
            -8.869209253162804,
            2.0050582255988587
        ],
        [
            7.648453289862463,
            -7.315216175609585
        ],
        [
