{
    "X_coordinate": [
        -10,
        10
    ],
    "Y_coordinate": [
        -10,
        10
    ],
    "Existing_stores": [
        [
            8.330789596215794,
            -3.549310789197606
        ],
        [
            6.595703121164391,
            -1.776976471429954
        ],
        [
            -9.442183408642524,
            1.061113381389145
        ],
        [
            -3.9645277406058614,
            -0.054793477736506446
        ]
    ],
    "New_stores": [
        [
            -6.742810389801188,
            -8.263281204526795
        ],
        [
            6.5582323116129295,
            -9.411155379702043
        ],
        [
            -9.396357791572045,
            -5.66790459761399
        ],
        [
            7.853368428951001,
            -0.6702346338830303
        ],
        [
            -7.718188258597651,
            -9.097050938657262
        ],
        [
            1.197367736078629,
            5.126943590404309
        ],
        [
            -9.312349917586204,
            0.34118733993306094
        ],
        [
            3.8542344670323647,
            2.8190643835162614
        ],
        [
            -4.822510205431014,
            -8.141609720184398
        ],
        [
            7.302047278316607,
            -8.097831845745826
        ],
        [
            9.111901680110105,
            2.829214673797839
        ],
        [
            5.360003708971435,
            5.361798267815505
        ],
        [
            7.00537804880981,
            -0.7178136313758152
        ],
        [
            -3.3749328594959955,
            4.473379735650379
        ],
        [
            1.6124465400908754,
            7.925372794964375
        ],
        [
            -0.060867375857354133,
            4.06660268537358
        ],
        [
            8.240869355378038,
            -2.494158406155764
        ],
        [
            -0.4892682378261384,
            7.177587144106418
        ],
        [
            -4.340713204943087,
            -8.70228439625704
        ],
        [
            7.268947251957471,
            -3.1416973880609866
        ],
        [
            5.076160108095195,
            1.0553764700346733
        ],
        [
            7.762680740163244,
            2.1646667744798442
        ],
        [
            -3.248746561307212,
            -7.390894806885502
        ],
        [
            -6.66839524079627,
            0.5361016713443902
        ],
        [
            -0.37985543611381445,
            -3.326719644470975
        ],
        [
            -3.4871924260935376,
            9.573307416836553
        ],
        [
            6.3618282173475365,
            3.390717405524894
        ],
        [
            -9.357323850331818,
            -8.11136472182207
        ],
        [
            0.28200470118798293,
            5.610867349498484
        ],
        [
            5.50802269180231,
            4.565073831365973
        ],
        [
            -8.174286763763659,
            -6.933201431485701
        ],
        [
            -6.78449344187952,
            2.917234436821687
        ],
        [
            -6.165563972700996,
            8.2189081081033
        ],
        [
            -6.967898963831347,
            6.695962078686566
        ],
        [
            -4.835239891852594,
            -8.993494503268488
        ],
        [
            0.20664306309411984,
            -0.259800694063939
        ],
        [
            2.794971249135255,
            -2.328151102393816
        ],
        [
            3.537801831671686,
            6.760083851586376
        ],
        [
            -6.775623070560821,
            -2.2978571742948013
        ],
        [
            -7.519316595302074,
            -3.153898969527262
        ],
        [
            -5.180579406957269,
            7.002411015981799
        ],
        [
            3.5807685910187743,
            -7.294154779656137
        ],
        [
            -1.4855941824177687,
            -6.499532150135979
        ],
        [
            -7.61718992370054,
            0.345534775596672
        ],
        [
            -0.6605135797838795,
            -2.1642335924493477
        ],
        [
            -4.5943466925614285,
            5.653833784977058
        ],
        [
            6.855408379763414,
            5.434018871840374
        ],
        [
            1.5182382725788273,
            7.296559956469046
        ],
        [
            2.0572310729986363,
            5.831877308809009
        ],
        [
            -5.922930096453962,
            8.654324078843967
        ],
        [
            6.918150196076475,
            -6.855683217126969
        ],
        [
            4.082161910133333,
            -0.7526831652908719
        ],
        [
            -5.261287603902815,
            8.393073229546015
        ],
        [
            -3.565437699395564,
            -8.072313163140528
        ],
        [
            -2.4416009557603164,
            7.363493096711213
        ],
        [
            6.302057515606023,
            4.191027005194975
        ],
        [
            -1.912563984400954,
            -0.32135085160007293
        ],
        [
            -7.948674311387267,
            5.7662148840191385
        ],
        [
            5.334427452630333,
            6.476982257625778
        ],
        [
            -5.399642534335549,
            9.557991470704916
        ],
        [
            8.590763825970804,
            -8.301057374464843
        ],
        [
            1.4845965573393034,
            -9.753806395798247
        ],
        [
            9.33380139285028,
            6.926869775394522
        ],
        [
            -5.781791037720129,
            8.346744376734648
        ],
        [
            -9.5685965306299,
            -2.9283289165594457
        ],
        [
            -1.1071536469601018,
            4.60823041167404
        ],
        [
            -6.038171460430981,
            9.18137940833589
        ],
        [
            -7.783156178662334,
            2.9603164153838506
        ],
        [
            7.215982325911277,
            0.7487797596152177
        ],
        [
            -0.0676913062125557,
            3.9942373627802326
        ],
        [
            -8.739934724833645,
            -9.560588306252919
        ],
        [
            -1.1721886015504595,
            3.7946859215071527
        ],
        [
            -9.358535612924342,
            4.952772759480432
        ],
        [
            6.663506131881228,
            -4.4601035787879955
        ],
        [
            5.731997522450365,
            -8.138648779805628
        ],
        [
            -3.4158211034978203,
            9.22846999014289
        ],
        [
            4.548870938224795,
            5.999994797000404
        ],
        [
            -1.9950176238949133,
            -8.637422084998963
        ],
        [
            6.73557944815283,
            -2.506230475652444
        ],
        [
            0.6614418402484361,
            0.3886297294235135
        ],
        [
            9.199966042615163,
            -2.206616594423993
        ],
        [
            -3.097479498120263,
            3.9808703469049433
        ],
        [
            2.5131011057628108,
            -9.608856461855652
        ],
        [
            1.081412255552376,
            -6.442097422223765
        ],
        [
            2.713509028318704,
            -6.109873589001946
        ],
        [
            2.742329533812473,
