{
    "X_coordinate": [
        -10,
        10
    ],
    "Y_coordinate": [
        -10,
        10
    ],
    "Existing_stores": [
        [
            -9.286370679510618,
            7.581440184517575
        ],
        [
            7.0175209673522225,
            -7.194167440310395
        ],
        [
            -7.759244486241837,
            -0.0919835520147636
        ],
        [
            -3.3327727846645683,
            1.6780982148138097
        ],
        [
            4.218331790790955,
            -3.158200098497619
        ]
    ],
    "New_stores": [
        [
            -1.487980517107843,
            8.291990516168266
        ],
        [
            -7.462570649897062,
            -5.001591515848851
        ],
        [
            -6.338698654633008,
            -3.242681851035975
        ],
        [
            3.853216956553114,
            1.9882977890496782
        ],
        [
            7.587839883869524,
            4.721989120323503
        ],
        [
            -9.934327373155746,
            -1.236122712436174
        ],
        [
            -7.406484488019407,
            1.5740819229991487
        ],
        [
            2.3395726263239585,
            -7.54280913173946
        ],
        [
            1.5355705399926762,
            -0.3596973533350116
        ],
        [
            4.580760205125177,
            -3.341430832089298
        ],
        [
            1.8423795126408997,
            -2.7500488552723183
        ],
        [
            0.39663533703674503,
            9.865848699270266
        ],
        [
            -9.609245748734976,
            0.6493290834101586
        ],
        [
            1.6163740764624634,
            -2.2322661441270597
        ],
        [
            -0.6436171748519914,
            7.1431906731487835
        ],
        [
            -9.082436567276552,
            7.61608846992814
        ],
        [
            8.121701942973878,
            4.846320784994809
        ],
        [
            -5.519607253464294,
            7.406090701371145
        ],
        [
            3.008799020653658,
            6.649756749340302
        ],
        [
            -4.990120753470302,
            -6.76261412217648
        ],
        [
            -8.793957784155186,
            6.901330182024697
        ],
        [
            -5.95818718058835,
            8.00063755550054
        ],
        [
            5.43643572614365,
            -3.8585849137289845
        ],
        [
            7.24169534177301,
            1.222405059948727
        ],
        [
            1.8905719382891917,
            3.262494451806363
        ],
        [
            -6.9959580599018345,
            -4.900629046885083
        ],
        [
            -6.283734082773968,
            0.682646486458145
        ],
        [
            1.3499652795148052,
            -2.319508724409327
        ],
        [
            -1.8070861143051502,
            -6.442634047174474
        ],
        [
            2.5467297426404087,
            6.028504096810696
        ],
        [
            1.7269563624118849,
            -7.204609547844509
        ],
        [
            -9.763102608789824,
            -3.572214771120361
        ],
        [
            1.646635750567464,
            1.9521614358361266
        ],
        [
            2.323286342560902,
            -4.538930391730593
        ],
        [
            4.908684657418634,
            -6.4056925917746765
        ],
        [
            2.468077579793306,
            -4.078263805392568
        ],
        [
            -9.15025697569249,
            8.530432334831204
        ],
        [
            -1.4996944522975948,
            -0.542624670418002
        ],
        [
            -2.7093329796230776,
            -1.705754039809582
        ],
        [
            5.019426371182185,
            0.30082602048211626
        ],
        [
            0.4729249270706468,
            -3.970937454405732
        ],
        [
            5.835497952881868,
            -1.3389303470718144
        ],
        [
            9.48052822642196,
            -4.595726771212972
        ],
        [
            7.50288925544378,
            8.120500588420597
        ],
        [
            -0.10764889921759568,
            6.018394186295357
        ],
        [
            -9.721833794449937,
            8.230074180420907
        ],
        [
            -5.651184926061877,
            -5.0681240566522785
        ],
        [
            -4.691468359182023,
            2.131340852775484
        ],
        [
            5.451392290905094,
            -9.463057938925841
        ],
        [
            9.906246299918841,
            -3.3962854557180506
        ]
    ]
}