{
    "X_coordinate": [
        -10,
        10
    ],
    "Y_coordinate": [
        -10,
        10
    ],
    "Existing_stores": [
        [
            -7.062361363406742,
            4.015857018287194
        ],
        [
            -7.404819373490352,
            4.846095276144197
        ],
        [
            9.385736565547404,
            -5.6823977521866675
        ]
    ],
    "New_stores": [
        [
            7.790951180588742,
            5.356336810811248
        ],
        [
            -0.5897929942563884,
            2.574362801303298
        ],
        [
            4.783379735202118,
            3.7463345080786183
        ],
        [
            -1.4733507614163415,
            -5.344252756428962
        ],
        [
            2.778869093467101,
            -4.748621480681039
        ],
        [
            -9.574500199296727,
            7.194703759122248
        ]
    ]
}