{
    "X_coordinate": [
        -10,
        10
    ],
    "Y_coordinate": [
        -10,
        10
    ],
    "Existing_stores": [
        [
            -6.540923822338581,
            -0.8083696468846941
        ],
        [
            4.183250924930043,
            -6.642212609723998
        ],
        [
            -4.981755011381386,
            9.698575138804244
        ],
        [
            6.133168868986214,
            7.2762996350704405
        ],
        [
            3.016504813871272,
            -2.041442356630694
        ],
        [
            -2.183931173599712,
            -5.065300323388005
        ],
        [
            8.075508562476344,
            6.064837536096974
        ],
        [
            -8.812896303803587,
            -3.0256108894661953
        ],
        [
            -4.0811382210753555,
            -3.382220017945574
        ]
    ],
    "New_stores": [
        [
            2.7125027294910193,
            5.239224354768403
        ],
        [
            -3.104224008343424,
            -2.848327111557163
        ],
        [
            -2.444668599739625,
            -7.468972252593398
        ],
        [
            -1.2480943541915082,
            -1.95343655270689
        ],
        [
            -1.521918981177052,
            2.5441851318863655
        ],
        [
            -7.352230620751625,
            -4.703842594995882
        ],
        [
            -6.120018083817403,
            6.504176182053595
        ],
        [
            4.992423451712815,
            -5.898310112289467
        ],
        [
            -3.8248595352811616,
            -0.2551077035083811
        ],
        [
            3.978662057668931,
            2.771100801956667
        ],
        [
            -9.643832252799996,
            0.98808742981271
        ],
        [
            5.415715569827837,
            4.8409263781335845
        ],
        [
            5.376152034136428,
            9.690307996170635
        ],
        [
            6.6519847306462445,
            -1.4068063047170138
        ],
        [
            -0.10509677156882624,
            -9.536892326172623
        ],
        [
            1.9343786485381251,
            9.190696147845763
        ],
        [
            -1.1338582145611458,
            -3.558768499837866
        ],
        [
            0.003078848320804184,
            7.9670042736611855
        ],
        [
            -6.584821389167875,
            1.2573057983498366
        ],
        [
            -6.025097850177243,
            -6.987949886740403
        ],
        [
            -2.18786400341261,
            -3.8533672653131763
        ],
        [
            2.28053374642149,
            3.407573244045828
        ],
        [
            -5.156498604526581,
            7.356886976771321
        ],
        [
            1.6654932532202977,
            -4.3711878704155005
        ],
        [
            -3.3556080788516134,
            0.14718576299583397
        ],
        [
            -7.103373641508757,
            -6.240920690576894
        ],
        [
            9.810907776720285,
            -9.567024182660102
        ],
        [
            -9.467087293658235,
            -0.46549056703124947
        ],
        [
            -3.0401070641869836,
            -4.627603088429928
        ],
        [
            9.916481332725848,
            1.0115844386005755
        ],
        [
            -1.0319366526104012,
            9.173395057649468
        ],
        [
            -1.710986826170748,
            -3.0461033561822397
        ],
        [
            9.49703595611036,
            3.686029654427381
        ],
        [
            -4.150003166436667,
            -8.451741464418951
        ],
        [
            -1.5112069600802318,
            -9.509340654783607
        ]
    ]
}