{
    "X_coordinate": [
        -10,
        10
    ],
    "Y_coordinate": [
        -10,
        10
    ],
    "Existing_stores": [
        [
            -2.49951369167444,
            -2.892954887128427
        ],
        [
            -6.971210059943427,
            -7.26311062280335
        ],
        [
            -6.790470417725527,
            0.5985574428280938
        ],
        [
            -8.54792829588602,
            -3.213294512493823
        ],
        [
            8.978932782167984,
            -8.154954918416834
        ],
        [
            7.513810589984768,
            4.292727159642464
        ]
    ],
    "New_stores": [
        [
            -2.3005720617300955,
            1.5228412457366964
        ],
        [
            7.3357496781791625,
            -0.8813797702884187
        ],
        [
            4.051725725764248,
            8.390504168748016
        ],
        [
            -4.891531618224628,
            -3.5593866585438727
        ],
        [
            9.821726945121945,
            8.172733983820343
        ],
        [
            1.0597159517201877,
            5.842294548322155
        ],
        [
            3.633172964478007,
            -4.844915471233087
        ],
        [
            8.097644533760604,
            -9.667590080708631
        ],
        [
            -3.3853321071529985,
            -8.23132385563579
        ],
        [
            4.8228861952307245,
            6.163721434228133
        ],
        [
            8.662363582586579,
            -9.703309899605376
        ],
        [
            -1.427026081174727,
            6.618496699209125
        ],
        [
            -6.485050384782191,
            6.379531386843059
        ],
        [
            0.2692810273409645,
            5.024676274079445
        ],
        [
            -3.2508993540467035,
            4.2408304916649335
        ],
        [
            8.62573293905966,
            -1.5527814637738686
        ],
        [
            -8.201103249261957,
            -2.7730627823037484
        ],
        [
            3.945562486315506,
            -1.583283942590782
        ],
        [
            -5.024341353804671,
            4.970229601420721
        ]
    ]
}